{"\u65b0\u5e97": [3.375974025974026, 0.22814814814814816], "\u738b\u5e84": [3.5727272727272723, 0.03259259259259259], "\u91d1\u5c71": [3.4537037037037037, 0.08], "\u5efa\u65b0": [3.5200000000000005, 0.014814814814814815], "\u4e2d\u4ead\u8857": [3.4173913043478263, 0.034074074074074076], "\u9f13\u897f": [3.648387096774193, 0.045925925925925926], "\u5cb3\u5cf0": [3.5, 0.005925925925925926], "\u9ece\u660e": [3.3884615384615384, 0.03851851851851852], "\u5b81\u5316": [3.353846153846154, 0.07703703703703704], "\u6e29\u6cc9": [3.3753623188405797, 0.10222222222222223], "\u957f\u4e50": [3.516666666666667, 0.044444444444444446], "\u5b9d\u9f99\u4e07\u8c61": [3.3074074074074074, 0.04], "\u9f13\u5c71": [2.6777777777777776, 0.013333333333333334], "\u5357\u8857": [3.937313432835821, 0.09925925925925926], "\u4e94\u51e4": [3.1, 0.002962962962962963], "\u9f13\u4e1c": [3.5, 0.023703703703703703], "\u7f57\u661f": [2.811111111111111, 0.013333333333333334], "\u9996\u5c71": [3.766666666666667, 0.0044444444444444444], "\u798f\u6e05": [3.0500000000000003, 0.008888888888888889], "\u6c34\u90e8\u6751": [3.141666666666666, 0.017777777777777778], "\u6d0b\u4e0b": [3.05, 0.002962962962962963], "\u9ccc\u5cf0": [3.29, 0.044444444444444446], "\u8336\u56ed": [2.75, 0.005925925925925926], "\u4ed3\u524d": [3.0666666666666664, 0.0044444444444444444], "\u4e09\u53c9\u8857": [3.375, 0.005925925925925926], "\u5bf9\u6e56": [3.25, 0.002962962962962963], "\u6d66\u4e0a": [3.0, 0.0014814814814814814], "\u5b9d\u9f99": [3.5, 0.0014814814814814814], "\u8c61\u56ed": [3.5, 0.0014814814814814814], "\u4e4c\u5c71": [3.5, 0.0014814814814814814]}