{"新店": [3.375974025974026, 154], "王庄": [3.5727272727272723, 22], "金山": [3.4537037037037037, 54], "建新": [3.5200000000000005, 10], "中亭街": [3.4173913043478263, 23], "鼓西": [3.648387096774193, 31], "岳峰": [3.5, 4], "黎明": [3.3884615384615384, 26], "宁化": [3.353846153846154, 52], "温泉": [3.3753623188405797, 69], "长乐": [3.516666666666667, 30], "宝龙万象": [3.3074074074074074, 27], "鼓山": [2.6777777777777776, 9], "南街": [3.937313432835821, 67], "五凤": [3.1, 2], "鼓东": [3.5, 16], "罗星": [2.811111111111111, 9], "首山": [3.766666666666667, 3], "福清": [3.0500000000000003, 6], "水部村": [3.141666666666666, 12], "洋下": [3.05, 2], "鳌峰": [3.29, 30], "茶园": [2.75, 4], "仓前": [3.0666666666666664, 3], "三叉街": [3.375, 4], "对湖": [3.25, 2], "浦上": [3.0, 1], "宝龙": [3.5, 1], "象园": [3.5, 1], "乌山": [3.5, 1]}